{"epoch":50,"_wandb":{"runtime":10082},"f1_score":0.660823142832189,"_runtime":10081.8904415,"_step":49,"loss":0.024493519586901113,"accuracy":0.9915357553380473,"recall":0.6618835330175536,"mAP@0.5":0.48246439496372634,"precision":0.6635127024637795,"_timestamp":1.74910483288468e+09}